iter	Passed	Remaining
0	730	364711
1	1235	307642
2	1826	302508
3	2375	294548
4	2984	295431
5	3515	289465
6	4061	286019
7	4620	284159
8	5209	284232
9	5751	281821
10	6289	279589
11	6843	278295
12	7388	276803
13	7930	275308
14	8442	272990
15	8979	271642
16	9567	271819
17	10110	270730
18	10597	268295
19	11159	267825
20	11766	268388
21	12323	267746
22	12845	266395
23	13321	264206
24	13850	263152
25	14434	263149
26	15011	262972
27	15620	263318
28	16156	262397
29	16656	260944
30	17155	259550
31	17686	258661
32	18187	257376
33	18734	256772
34	19319	256678
35	19842	255749
36	20448	255879
37	21073	256212
38	21642	255830
39	22186	255143
40	22726	254428
41	23257	253616
42	23858	253569
43	24422	253107
44	24975	252526
45	25531	251988
46	26116	251721
47	26634	250811
48	27237	250695
49	27829	250463
50	28428	250278
51	28958	249492
52	29570	249395
53	30116	248738
54	30703	248419
55	31222	247550
56	31825	247342
57	32433	247169
58	33048	247027
59	33613	246499
60	34187	246037
61	34865	246307
62	35418	245679
63	35970	245049
64	36577	244786
65	37159	244354
66	37745	243939
67	38366	243738
68	39015	243707
69	39598	243250
70	40188	242826
71	40695	241910
72	41233	241188
73	41799	240627
74	42361	240045
75	42935	239533
76	43511	239029
77	44071	238435
78	44609	237730
79	45224	237429
80	45781	236817
81	46341	236229
82	46938	235824
83	47481	235145
84	48046	234579
85	48605	233985
86	49144	233297
87	49729	232825
88	50291	232246
89	50871	231746
90	51446	231228
91	52034	230762
92	52651	230419
93	53197	229768
94	53756	229170
95	54337	228672
96	54920	228173
97	55551	227875
98	56138	227387
99	56697	226791
100	57243	226138
101	57791	225500
102	58336	224851
103	58924	224368
104	59508	223866
105	60083	223327
106	60612	222624
107	61158	221984
108	61754	221523
109	62346	221046
110	62860	220294
111	63499	219980
112	64057	219382
113	64707	219096
114	65224	218359
115	65846	217973
116	66440	217493
117	66962	216777
118	67529	216208
119	68064	215536
120	68627	214956
121	69224	214483
122	69811	213975
123	70408	213497
124	71011	213035
125	71538	212344
126	72075	211687
127	72675	211211
128	73323	210875
129	73917	210381
130	74501	209856
131	75031	209177
132	75618	208661
133	76187	208092
134	76789	207617
135	77346	207015
136	77935	206501
137	78518	205969
138	79129	205508
139	79679	204890
140	80235	204287
141	80816	203748
142	81359	203115
143	81950	202599
144	82558	202125
145	83150	201611
146	83679	200943
147	84288	200469
148	84887	199969
149	85471	199433
150	86118	199041
151	86730	198568
152	87266	197917
153	87885	197457
154	88480	196940
155	89057	196383
156	89635	195828
157	90207	195259
158	90820	194777
159	91385	194193
160	92056	193832
161	92707	193426
162	93253	192799
163	93865	192308
164	94428	191718
165	95010	191165
166	95662	190751
167	96164	190040
168	96819	189628
169	97398	189067
170	98047	188641
171	98694	188207
172	99217	187538
173	99850	187076
174	100447	186545
175	101108	186130
176	101710	185606
177	102306	185071
178	102879	184492
179	103439	183891
180	103986	183268
181	104577	182723
182	105156	182155
183	105701	181531
184	106261	180931
185	106809	180312
186	107386	179743
187	107951	179153
188	108539	178602
189	109172	178123
190	109698	177470
191	110255	176868
192	110863	176347
193	111370	175667
194	111899	175022
195	112466	174437
196	113104	173962
197	113666	173369
198	114191	172722
199	114787	172181
200	115353	171595
201	115935	171032
202	116525	170483
203	117220	170085
204	117795	169510
205	118377	168946
206	118954	168375
207	119514	167779
208	120099	167219
209	120669	166638
210	121264	166092
211	121785	165443
212	122358	164867
213	122981	164358
214	123546	163770
215	124140	163221
216	124712	162643
217	125338	162135
218	125873	161509
219	126451	160938
220	127063	160410
221	127595	159781
222	128105	159126
223	128669	158538
224	129252	157975
225	129783	157347
226	130311	156717
227	130893	156154
228	131427	155532
229	132013	154972
230	132606	154420
231	133145	153806
232	133763	153282
233	134257	152617
234	134847	152061
235	135405	151470
236	135953	150867
237	136548	150318
238	137108	149729
239	137728	149206
240	138307	148637
241	138855	148035
242	139463	147498
243	140056	146944
244	140598	146337
245	141187	145778
246	141699	145141
247	142255	144550
248	142792	143939
249	143352	143352
250	143922	142775
251	144485	142191
252	145039	141599
253	145597	141012
254	146192	140459
255	146811	139929
256	147468	139434
257	148131	138944
258	148773	138433
259	149372	137882
260	149903	137268
261	150513	136725
262	151092	136155
263	151712	135621
264	152313	135070
265	152798	134416
266	153350	133823
267	153910	133235
268	154406	132594
269	154896	131948
270	155406	131321
271	155990	130756
272	156535	130159
273	157179	129644
274	157727	129050
275	158360	128524
276	158936	127952
277	159512	127380
278	160113	126828
279	160737	126293
280	161329	125733
281	161991	125227
282	162580	124664
283	163207	124129
284	163752	123532
285	164342	122969
286	164944	122415
287	165500	121826
288	166038	121225
289	166630	120663
290	167201	120086
291	167881	119586
292	168510	119050
293	169022	118430
294	169586	117848
295	170175	117283
296	170714	116683
297	171242	116076
298	171812	115499
299	172391	114927
300	172896	114306
301	173389	113679
302	173959	113102
303	174526	112523
304	175112	111956
305	175676	111376
306	176199	110770
307	176756	110186
308	177271	109575
309	177831	108993
310	178403	108418
311	179010	107865
312	179567	107281
313	180144	106709
314	180701	106126
315	181213	105516
316	181721	104905
317	182327	104350
318	182889	103771
319	183524	103232
320	184100	102660
321	184685	102093
322	185350	101569
323	185986	101029
324	186557	100454
325	187092	99859
326	187630	99266
327	188290	98737
328	188850	98156
329	189477	97609
330	190052	97036
331	190629	96463
332	191197	95885
333	191793	95322
334	192446	94787
335	192989	94197
336	193594	93637
337	194095	93027
338	194713	92474
339	195245	91880
340	195831	91311
341	196429	90748
342	197032	90186
343	197733	89669
344	198376	89125
345	198927	88539
346	199553	87987
347	200123	87410
348	200664	86820
349	201218	86236
350	201733	85636
351	202324	85068
352	202899	84493
353	203519	83937
354	204073	83353
355	204606	82762
356	205145	82172
357	205687	81585
358	206282	81018
359	206804	80423
360	207341	79834
361	207896	79253
362	208381	78645
363	208946	78068
364	209557	77507
365	210112	76926
366	210626	76330
367	211224	75765
368	211824	75200
369	212351	74610
370	212917	74033
371	213492	73459
372	214040	72877
373	214630	72308
374	215186	71728
375	215697	71134
376	216256	70555
377	216835	69983
378	217340	69388
379	217942	68823
380	218510	68248
381	219045	67663
382	219631	67093
383	220171	66510
384	220728	65931
385	221315	65362
386	221859	64780
387	222371	64189
388	222881	63598
389	223378	63004
390	223913	62420
391	224455	61839
392	224987	61256
393	225543	60679
394	226069	60094
395	226614	59515
396	227166	58937
397	227727	58362
398	228323	57796
399	228829	57207
400	229395	56633
401	229947	56056
402	230507	55481
403	231036	54899
404	231557	54316
405	232098	53737
406	232667	53164
407	233247	52595
408	233809	52021
409	234311	51434
410	234824	50850
411	235405	50280
412	235945	49702
413	236488	49125
414	237025	48547
415	237587	47974
416	238145	47400
417	238763	46838
418	239359	46272
419	239909	45697
420	240498	45129
421	241007	44546
422	241561	43972
423	242111	43397
424	242693	42828
425	243166	42240
426	243734	41668
427	244328	41101
428	244876	40527
429	245426	39953
430	245997	39382
431	246462	38795
432	247082	38232
433	247664	37663
434	248280	37099
435	248879	36532
436	249444	35961
437	249970	35383
438	250503	34808
439	251087	34239
440	251675	33670
441	252217	33096
442	252813	32529
443	253407	31961
444	253972	31389
445	254529	30817
446	255067	30242
447	255623	29670
448	256148	29094
449	256687	28520
450	257237	27948
451	257845	27381
452	258389	26808
453	258897	26231
454	259441	25659
455	259992	25087
456	260564	24517
457	261108	23944
458	261679	23374
459	262258	22805
460	262801	22232
461	263376	21663
462	263873	21087
463	264412	20514
464	264983	19944
465	265564	19375
466	266100	18803
467	266679	18234
468	267249	17664
469	267782	17092
470	268373	16524
471	268927	15953
472	269538	15385
473	270143	14818
474	270684	14246
475	271224	13675
476	271783	13104
477	272348	12534
478	272886	11963
479	273402	11391
480	273931	10820
481	274505	10251
482	275010	9679
483	275578	9110
484	276173	8541
485	276778	7973
486	277316	7402
487	277879	6833
488	278421	6263
489	278916	5692
490	279446	5122
491	280014	4553
492	280547	3983
493	281134	3414
494	281638	2844
495	282179	2275
496	282705	1706
497	283300	1137
498	283830	568
499	284439	0
